tenant_id,first_name,last_name,email,phone,date_of_birth,created_at
1,Alice,Martin,tenant1@example.com,+33 458153605,1988-10-03,2020-01-01
2,Kevin,Petit,tenant2@example.com,+33 273497327,1974-10-21,2020-01-01
3,Ivan,Michel,tenant3@example.com,+33 559225330,1969-06-19,2020-01-01
4,Alice,Bernard,tenant4@example.com,+33 180792472,1987-12-09,2020-01-01
5,Ivan,Martin,tenant5@example.com,+33 996139578,1978-01-23,2020-01-01
6,Julia,Simon,tenant6@example.com,+33 259014493,1975-05-07,2020-01-01
7,Charlie,Martin,tenant7@example.com,+33 430989881,1978-04-08,2020-01-01
8,Oscar,Martin,tenant8@example.com,+33 484194737,1985-03-15,2020-01-01
9,Kevin,Robert,tenant9@example.com,+33 816114302,1990-01-05,2020-01-01
10,Fiona,Simon,tenant10@example.com,+33 536344399,1987-09-10,2020-01-01
11,Oscar,Robert,tenant11@example.com,+33 274484941,1986-09-07,2020-01-01
12,Oscar,Lefevre,tenant12@example.com,+33 126614158,1986-07-31,2020-01-01
13,Louise,Durand,tenant13@example.com,+33 940081098,1976-02-27,2020-01-01
14,Michel,Lefebvre,tenant14@example.com,+33 889262019,1983-06-30,2020-01-01
15,Edward,Thomas,tenant15@example.com,+33 945436943,1989-10-10,2020-01-01
16,George,Martin,tenant16@example.com,+33 605399561,1984-08-24,2020-01-01
17,Diana,Moreau,tenant17@example.com,+33 475442872,1980-12-07,2020-01-01
18,Nina,Robert,tenant18@example.com,+33 339362341,1993-07-25,2020-01-01
19,Kevin,Robert,tenant19@example.com,+33 527849588,1979-11-25,2020-01-01
20,Edward,Bernard,tenant20@example.com,+33 930353157,1982-02-07,2020-01-01
21,Fiona,Lefebvre,tenant21@example.com,+33 646970178,1976-09-11,2020-01-01
22,Kevin,Simon,tenant22@example.com,+33 455569462,1993-05-21,2020-01-01
23,Bob,Petit,tenant23@example.com,+33 291735734,1968-07-31,2020-01-01
24,Edward,Martin,tenant24@example.com,+33 216396351,1967-11-12,2020-01-01
25,George,Durand,tenant25@example.com,+33 882269302,1980-07-21,2020-01-01
26,George,Laurent,tenant26@example.com,+33 649136331,1989-06-09,2020-01-01
27,George,Laurent,tenant27@example.com,+33 304095531,1983-03-14,2020-01-01
28,Alice,Michel,tenant28@example.com,+33 568213197,1994-07-20,2020-01-01
29,Ivan,Simon,tenant29@example.com,+33 837507241,1985-10-14,2020-01-01
30,Fiona,Lefevre,tenant30@example.com,+33 175133802,1979-10-25,2020-01-01
31,Julia,Durand,tenant31@example.com,+33 812306873,1989-01-13,2020-01-01
32,Louise,Petit,tenant32@example.com,+33 644518647,1980-10-01,2020-01-01
33,Kevin,Lefevre,tenant33@example.com,+33 450236225,1976-07-29,2020-01-01
34,Louise,Petit,tenant34@example.com,+33 695295870,1988-11-30,2020-01-01
35,Diana,Lefevre,tenant35@example.com,+33 813962536,1977-08-14,2020-01-01
36,Kevin,Michel,tenant36@example.com,+33 286860433,1969-02-04,2020-01-01
37,Edward,Lefevre,tenant37@example.com,+33 688343096,1994-08-10,2020-01-01
38,Edward,Petit,tenant38@example.com,+33 325681936,1975-05-05,2020-01-01
39,Michel,Laurent,tenant39@example.com,+33 751397897,1980-03-03,2020-01-01
40,Helen,Moreau,tenant40@example.com,+33 574765466,1985-01-14,2020-01-01
41,Ivan,Moreau,tenant41@example.com,+33 952266893,1987-01-05,2020-01-01
42,Kevin,Bernard,tenant42@example.com,+33 404713332,1971-07-03,2020-01-01
43,Kevin,Lefebvre,tenant43@example.com,+33 764926227,1979-08-04,2020-01-01
44,Bob,Robert,tenant44@example.com,+33 822408848,1980-09-13,2020-01-01
45,Diana,Robert,tenant45@example.com,+33 258220114,1993-07-12,2020-01-01
46,Alice,Robert,tenant46@example.com,+33 610173760,1991-05-11,2020-01-01
47,Helen,Lefevre,tenant47@example.com,+33 776205431,1968-10-20,2020-01-01
48,Diana,Michel,tenant48@example.com,+33 847704681,1977-05-26,2020-01-01
49,Helen,Lefevre,tenant49@example.com,+33 361976301,1988-01-03,2020-01-01
50,Kevin,Michel,tenant50@example.com,+33 105953697,1989-11-04,2020-01-01
51,Michel,Lefevre,tenant51@example.com,+33 334978881,1986-09-26,2020-01-01
52,Michel,Michel,tenant52@example.com,+33 656152900,1973-10-14,2020-01-01
53,Alice,Simon,tenant53@example.com,+33 367574609,1989-03-07,2020-01-01
54,Helen,Thomas,tenant54@example.com,+33 960514523,1973-10-13,2020-01-01
55,Kevin,Simon,tenant55@example.com,+33 700141462,1967-12-01,2020-01-01
56,Fiona,Moreau,tenant56@example.com,+33 757830420,1971-12-25,2020-01-01
57,George,Simon,tenant57@example.com,+33 578796089,1987-06-27,2020-01-01
58,Louise,Moreau,tenant58@example.com,+33 583258726,1982-12-31,2020-01-01
59,Michel,Robert,tenant59@example.com,+33 784683755,1982-03-09,2020-01-01
60,Michel,Simon,tenant60@example.com,+33 620332086,1983-11-23,2020-01-01
61,Edward,Moreau,tenant61@example.com,+33 183197117,1981-10-22,2020-01-01
62,Diana,Petit,tenant62@example.com,+33 460613550,1980-04-13,2020-01-01
63,Oscar,Simon,tenant63@example.com,+33 186519602,1988-06-01,2020-01-01
64,Charlie,Robert,tenant64@example.com,+33 511281012,1987-10-09,2020-01-01
65,Louise,Robert,tenant65@example.com,+33 168965204,1976-01-06,2020-01-01
66,George,Durand,tenant66@example.com,+33 682624278,1973-09-22,2020-01-01
67,George,Martin,tenant67@example.com,+33 322086735,1975-10-12,2020-01-01
68,George,Laurent,tenant68@example.com,+33 846812123,1993-09-30,2020-01-01
69,Nina,Laurent,tenant69@example.com,+33 508431021,1973-03-25,2020-01-01
70,Alice,Durand,tenant70@example.com,+33 420632895,1977-02-17,2020-01-01
71,Nina,Lefevre,tenant71@example.com,+33 677909930,1970-02-16,2020-01-01
72,Michel,Laurent,tenant72@example.com,+33 336801619,1972-09-21,2020-01-01
73,Diana,Petit,tenant73@example.com,+33 567975319,1972-11-03,2020-01-01
74,Alice,Lefevre,tenant74@example.com,+33 460916347,1976-06-27,2020-01-01
75,Louise,Thomas,tenant75@example.com,+33 601856351,1988-11-24,2020-01-01
76,Julia,Simon,tenant76@example.com,+33 128955006,1976-12-13,2020-01-01
77,Julia,Laurent,tenant77@example.com,+33 811890569,1993-05-29,2020-01-01
78,Bob,Lefebvre,tenant78@example.com,+33 560219456,1988-07-15,2020-01-01
79,Nina,Moreau,tenant79@example.com,+33 295130056,1992-05-15,2020-01-01
80,Edward,Lefevre,tenant80@example.com,+33 451492250,1985-02-17,2020-01-01
81,Helen,Durand,tenant81@example.com,+33 462388455,1977-08-14,2020-01-01
82,Edward,Lefevre,tenant82@example.com,+33 370874491,1990-12-14,2020-01-01
83,Helen,Martin,tenant83@example.com,+33 904258674,1970-06-06,2020-01-01
84,Alice,Durand,tenant84@example.com,+33 340756713,1991-07-19,2020-01-01
85,Michel,Lefebvre,tenant85@example.com,+33 143226844,1993-03-26,2020-01-01
86,Diana,Robert,tenant86@example.com,+33 121882877,1987-10-16,2020-01-01
87,Diana,Thomas,tenant87@example.com,+33 608482316,1989-06-29,2020-01-01
88,Julia,Robert,tenant88@example.com,+33 599326438,1983-02-17,2020-01-01
89,Michel,Durand,tenant89@example.com,+33 280162221,1967-06-13,2020-01-01
90,Julia,Michel,tenant90@example.com,+33 871330207,1989-06-27,2020-01-01
91,Michel,Thomas,tenant91@example.com,+33 433975497,1989-10-10,2020-01-01
92,Julia,Martin,tenant92@example.com,+33 434961542,1968-10-18,2020-01-01
93,Kevin,Lefevre,tenant93@example.com,+33 525904456,1985-09-23,2020-01-01
94,Bob,Laurent,tenant94@example.com,+33 841541582,1983-09-25,2020-01-01
95,Bob,Michel,tenant95@example.com,+33 929445037,1981-02-04,2020-01-01
96,Nina,Lefebvre,tenant96@example.com,+33 744687060,1989-03-12,2020-01-01
97,Michel,Laurent,tenant97@example.com,+33 940348305,1992-10-13,2020-01-01
98,Fiona,Simon,tenant98@example.com,+33 559967386,1978-01-01,2020-01-01
99,Bob,Simon,tenant99@example.com,+33 795294275,1979-04-27,2020-01-01
100,Alice,Lefevre,tenant100@example.com,+33 982971099,1972-08-20,2020-01-01
101,Bob,Lefevre,tenant101@example.com,+33 488896443,1974-01-01,2020-01-01
102,Louise,Thomas,tenant102@example.com,+33 567600762,1986-09-22,2020-01-01
103,Louise,Simon,tenant103@example.com,+33 798423334,1982-07-05,2020-01-01
104,Julia,Simon,tenant104@example.com,+33 931764920,1972-12-08,2020-01-01
105,Helen,Lefevre,tenant105@example.com,+33 986625773,1968-01-18,2020-01-01
106,Edward,Durand,tenant106@example.com,+33 363598427,1990-09-27,2020-01-01
107,Edward,Moreau,tenant107@example.com,+33 361846370,1973-10-12,2020-01-01
108,Julia,Laurent,tenant108@example.com,+33 817461907,1977-08-16,2020-01-01
109,Fiona,Martin,tenant109@example.com,+33 630757561,1980-01-17,2020-01-01
110,Charlie,Moreau,tenant110@example.com,+33 327761953,1978-09-16,2020-01-01
111,Michel,Petit,tenant111@example.com,+33 465436049,1982-01-30,2020-01-01
112,Oscar,Laurent,tenant112@example.com,+33 852890318,1982-03-26,2020-01-01
113,Ivan,Martin,tenant113@example.com,+33 654724287,1986-01-20,2020-01-01
114,Bob,Robert,tenant114@example.com,+33 873174285,1976-05-24,2020-01-01
115,Helen,Simon,tenant115@example.com,+33 914073098,1983-11-05,2020-01-01
116,Louise,Moreau,tenant116@example.com,+33 793532952,1972-08-10,2020-01-01
117,Helen,Martin,tenant117@example.com,+33 199915275,1981-06-05,2020-01-01
118,Diana,Lefevre,tenant118@example.com,+33 842800803,1983-09-17,2020-01-01
119,Edward,Lefebvre,tenant119@example.com,+33 724440558,1978-01-26,2020-01-01
120,Helen,Simon,tenant120@example.com,+33 670073085,1979-03-16,2020-01-01
121,George,Michel,tenant121@example.com,+33 690975123,1979-10-15,2020-01-01
122,Fiona,Michel,tenant122@example.com,+33 587205269,1982-06-22,2020-01-01
123,Edward,Petit,tenant123@example.com,+33 347538338,1989-03-19,2020-01-01
124,Louise,Robert,tenant124@example.com,+33 438817025,1989-04-06,2020-01-01
125,Louise,Simon,tenant125@example.com,+33 918394863,1986-04-27,2020-01-01
126,Diana,Robert,tenant126@example.com,+33 893070706,1972-11-26,2020-01-01
127,Edward,Michel,tenant127@example.com,+33 733064117,1971-02-03,2020-01-01
128,Julia,Petit,tenant128@example.com,+33 207939087,1985-12-01,2020-01-01
129,Edward,Robert,tenant129@example.com,+33 487493096,1986-07-30,2020-01-01
130,Edward,Martin,tenant130@example.com,+33 860229059,1970-08-31,2020-01-01
131,Charlie,Petit,tenant131@example.com,+33 148872110,1992-03-06,2020-01-01
132,Ivan,Petit,tenant132@example.com,+33 848846217,1988-12-17,2020-01-01
133,Kevin,Moreau,tenant133@example.com,+33 210152642,1994-01-28,2020-01-01
134,Julia,Petit,tenant134@example.com,+33 604011128,1973-02-24,2020-01-01
135,Helen,Durand,tenant135@example.com,+33 297958983,1992-04-27,2020-01-01
136,Edward,Moreau,tenant136@example.com,+33 222500131,1991-09-11,2020-01-01
137,George,Moreau,tenant137@example.com,+33 179545125,1968-09-28,2020-01-01
138,Kevin,Lefebvre,tenant138@example.com,+33 157562304,1987-10-27,2020-01-01
139,Charlie,Laurent,tenant139@example.com,+33 426240903,1990-10-21,2020-01-01
140,Diana,Bernard,tenant140@example.com,+33 699226355,1975-12-16,2020-01-01
141,Julia,Laurent,tenant141@example.com,+33 949051496,1984-07-02,2020-01-01
142,Michel,Simon,tenant142@example.com,+33 508427798,1974-06-01,2020-01-01
143,Oscar,Moreau,tenant143@example.com,+33 419280490,1968-03-23,2020-01-01
144,George,Petit,tenant144@example.com,+33 710561240,1991-12-04,2020-01-01
145,Julia,Michel,tenant145@example.com,+33 206551233,1985-04-21,2020-01-01
146,Kevin,Robert,tenant146@example.com,+33 384161612,1990-12-25,2020-01-01
147,Charlie,Robert,tenant147@example.com,+33 286630878,1969-11-12,2020-01-01
148,Bob,Thomas,tenant148@example.com,+33 102873038,1976-04-19,2020-01-01
149,Helen,Michel,tenant149@example.com,+33 737599912,1973-07-18,2020-01-01
150,Edward,Martin,tenant150@example.com,+33 348545713,1981-09-13,2020-01-01
151,Louise,Petit,tenant151@example.com,+33 854827139,1974-04-05,2020-01-01
152,Bob,Lefebvre,tenant152@example.com,+33 350636897,1982-10-04,2020-01-01
153,Michel,Lefebvre,tenant153@example.com,+33 733281747,1985-10-01,2020-01-01
154,George,Bernard,tenant154@example.com,+33 684719405,1984-07-16,2020-01-01
155,Kevin,Thomas,tenant155@example.com,+33 385220694,1988-03-30,2020-01-01
156,Bob,Martin,tenant156@example.com,+33 278158234,1980-10-29,2020-01-01
157,Julia,Michel,tenant157@example.com,+33 985021282,1969-02-03,2020-01-01
158,Oscar,Petit,tenant158@example.com,+33 571537429,1989-01-17,2020-01-01
159,Helen,Michel,tenant159@example.com,+33 426515425,1976-07-27,2020-01-01
160,Edward,Simon,tenant160@example.com,+33 679800791,1972-06-22,2020-01-01
161,Helen,Bernard,tenant161@example.com,+33 742136977,1992-11-01,2020-01-01
162,Oscar,Lefevre,tenant162@example.com,+33 888699799,1980-03-02,2020-01-01
163,Julia,Petit,tenant163@example.com,+33 127772220,1990-07-12,2020-01-01
164,Diana,Lefebvre,tenant164@example.com,+33 997603725,1968-10-27,2020-01-01
165,Julia,Martin,tenant165@example.com,+33 921155204,1982-07-15,2020-01-01
166,Julia,Martin,tenant166@example.com,+33 919382051,1986-10-07,2020-01-01
167,Helen,Simon,tenant167@example.com,+33 799552991,1974-10-15,2020-01-01
168,Oscar,Petit,tenant168@example.com,+33 294872482,1968-05-14,2020-01-01
169,George,Lefebvre,tenant169@example.com,+33 974288855,1972-07-26,2020-01-01
170,Bob,Moreau,tenant170@example.com,+33 473620340,1976-04-22,2020-01-01
171,Fiona,Durand,tenant171@example.com,+33 819550381,1989-12-07,2020-01-01
172,Nina,Thomas,tenant172@example.com,+33 454123990,1976-02-28,2020-01-01
173,Louise,Moreau,tenant173@example.com,+33 409471503,1976-08-29,2020-01-01
174,Nina,Simon,tenant174@example.com,+33 139403247,1974-03-23,2020-01-01
175,Bob,Durand,tenant175@example.com,+33 371011200,1980-02-15,2020-01-01
176,Bob,Lefevre,tenant176@example.com,+33 652543518,1994-07-29,2020-01-01
177,Kevin,Simon,tenant177@example.com,+33 596043327,1976-02-02,2020-01-01
178,Alice,Robert,tenant178@example.com,+33 656670062,1978-05-25,2020-01-01
179,Julia,Moreau,tenant179@example.com,+33 771527524,1974-10-18,2020-01-01
180,Michel,Martin,tenant180@example.com,+33 318568997,1982-08-24,2020-01-01
181,Ivan,Thomas,tenant181@example.com,+33 409268943,1974-12-21,2020-01-01
182,Oscar,Michel,tenant182@example.com,+33 620455331,1989-03-06,2020-01-01
183,Alice,Lefebvre,tenant183@example.com,+33 753770973,1983-11-22,2020-01-01
184,Louise,Thomas,tenant184@example.com,+33 433665422,1969-12-01,2020-01-01
185,Alice,Simon,tenant185@example.com,+33 538076670,1990-06-11,2020-01-01
186,Diana,Bernard,tenant186@example.com,+33 595475899,1989-05-10,2020-01-01
187,Kevin,Thomas,tenant187@example.com,+33 635126623,1981-07-14,2020-01-01
188,Ivan,Michel,tenant188@example.com,+33 393587744,1975-12-27,2020-01-01
189,Nina,Moreau,tenant189@example.com,+33 607042130,1983-09-10,2020-01-01
190,Helen,Simon,tenant190@example.com,+33 255308128,1977-06-02,2020-01-01
191,Diana,Laurent,tenant191@example.com,+33 645719501,1988-07-02,2020-01-01
192,Nina,Bernard,tenant192@example.com,+33 396618390,1976-01-05,2020-01-01
193,Fiona,Simon,tenant193@example.com,+33 386874458,1994-07-05,2020-01-01
194,Edward,Michel,tenant194@example.com,+33 420571903,1968-04-18,2020-01-01
195,Julia,Lefebvre,tenant195@example.com,+33 625747313,1987-12-17,2020-01-01
196,Helen,Simon,tenant196@example.com,+33 620057604,1979-02-22,2020-01-01
197,Fiona,Simon,tenant197@example.com,+33 919128302,1970-04-01,2020-01-01
198,George,Moreau,tenant198@example.com,+33 445505799,1986-03-01,2020-01-01
199,Louise,Robert,tenant199@example.com,+33 713963047,1977-06-12,2020-01-01
200,Diana,Lefevre,tenant200@example.com,+33 146865930,1980-05-08,2020-01-01
